<?xml version="1.0" encoding="UTF-8" ?>
<!DOCTYPE mapper PUBLIC "-//mybatis.org//DTD Mapper 3.0//EN" 
	"http://mybatis.org/dtd/mybatis-3-mapper.dtd">
<!-- product.xml
     ==> sql문 작성
     
※주의:에러발생) 
          1. mapper루트에 반드시 namespace속성을 명시해야함 
          2. parameterType=""  resultType="" 에 들어가는 속성에 존재하지 않는 패키지나 클래스는 절대 쓰면 안됨
             parameterType="com.ssafy.dto.Product"  (O)
             parameterType="co.ssafy.dto.Product"   (X)
             
          3. sql문은 각각 종류에 맞는 태그안에 정의하고 그를 식별하기 위한 id속성을 중복되지 않게 작성해야 함.
          4. sql문에 제한된 문자(<,&) 를 표현하는 경우 CDATA섹션을 사용해야 함
             <![CDATA[  select sal from emp where sal<2000    ]]>
             
          5. <select>태그를 사용하는 경우 반드시 속성 resultType을 명시해야 함.
             ==> 에러가 발생하거나 또는 결과값이 null이 나올 수도 있다.
               
          Tip) id속성에는 DAO의 메소드명과 맞추어 주는것이 편리하다~!!    
-->
<!-- <mapper namespace="product"> -->
<mapper namespace="com.ssafy.product.dao.ProductDAO">

    <!-- 태그하나를 메소드하나로 보면 좋다!! -->
	<insert id="insert" parameterType="com.ssafy.product.dto.Product">
       insert into product (id,name,price,description) values (#{id},#{name},#{price},#{description})
	</insert>  		
	<!-- 
	     Product p = new Product();
	     #{id}의 역할  ==> p.getId()
	     #{name}의 역할  ==> p.getName()
	  -->
	 <update id="update" parameterType="product">
	    update product set name=#{name},price=#{price},description=#{description} where id=#{id}
	 </update> 
	 
	 <delete id="delete" parameterType="String">
	    delete from product where id=#{id}
	 </delete>


     <select id="select"  parameterType="String"  resultType="product">
	    select id,name,price,description from product where id=#{id}
	 </select>
	 
	 
	 <select id="selectAll" resultType="product">
	    select id,name,price,description from product
	 </select>
	 
	 
	 
<!-- 	  
	 <select id="select"  parameterType="String"  resultType="product">
	    select id,name,price,description from product where id=#{id}
	 </select>
	 <select id="select"  parameterType="String"  resultType="String">
	    select id from product where id=#{id}
	 </select>
	 <select id="select"  parameterType="String"  resultType="int">
	    select price from product where id=#{id}
	 </select>
	 <select id="select"  parameterType="String"  resultType="product">
	    select id,name from product where id=#{id}
	 </select>
	 <select id="select"  parameterType="java.util.Map"  resultType="java.util.HashMap">
	    select id,name,dname from product,dept where id=#{id}
	 </select>
 -->	
	
	
</mapper>







